Source	Target	Type	Weight
39	704	Undirected	1107.000000
39	825	Undirected	1187.000000
704	825	Undirected	1102.000000
227	390	Undirected	1049.000000
789	829	Undirected	1194.000000
368	829	Undirected	1194.000000
217	346	Undirected	1336.000000
368	682	Undirected	1193.000000
390	722	Undirected	1042.000000
